Business Name,Phone,Category,Location,Services,Main Colors
A one Plumbing Services Portland OR,(503) 297-8745,Plumber,"8455 SW Homewood St, Portland, OR 97225",Plumber,N/A
Portland Plumbing Company,(503) 444-8453,Plumber,N/A,"Plumber, Service establishment","#BC7F62, #9C4222, #502417"
Alder Plumbing,(503) 515-5920,Plumber,N/A,"Plumber, Service establishment, General contractor","#F2EFED, #CDCECE, #6C6668"
Green Mountain Plumbing Inc,(503) 647-2951,Plumber,N/A,"Plumber, Service establishment",N/A
Precision Plumbing Co.,(503) 348-9606,Plumber,"10569 NW Lost Park Dr, Portland, OR 97229",Plumber,N/A
Oregon Plumbing,(503) 547-4408,Plumber,"22740 OR-240, Newberg, OR 97132",Plumber,"#D3CAB6, #A0937E, #4F4437"
PDX PLUMBING SPECIALIST,(503) 443-8243,Plumber,"2695 SW 216th Ave, Aloha, OR 97003",Plumber,N/A
Anytime Plumbing,(503) 894-8241,Plumber,N/A,"Plumber, Contractor, Service establishment","#D0C2A9, #91846C, #50473A"
Hillsboro Plumbers,(503) 505-9974,Plumber,"3000 NW Stucki Pl, Hillsboro, OR 97127",Plumber,N/A
Edward Mullen Plumbing,(503) 640-0113,Plumber,"1601 SE River Rd Ste A, Hillsboro, OR 97123",Plumber,N/A
A Apple Plumbing Repair,(503) 648-1855,Plumber,"Hillsboro, OR 97124",Plumber,"#AAA9AC, #A19D9A, #7D7166"
DR Plumbing Hillsboro,(503) 300-4519,Plumber,"2092 NE Aloclek Dr, Hillsboro, OR 97124",Plumber,N/A
Hillsboro Plumbing,(503) 640-2525,Plumber,"360 SE Oak St, Hillsboro, OR 97123",Plumber,N/A
